Time (Years),Path 1,Path 2,Path 3,Path 4,Path 5,Path 6
0.000000,100.000000,100.000000,100.000000,100.000000,100.000000,100.000000
0.001000,100.013047,100.040763,100.003687,100.009923,100.050702,99.991068
0.002000,100.085507,100.080816,100.039522,99.988513,100.000028,99.940681
0.003000,99.925306,100.045108,99.871315,100.069226,100.044858,100.121561
0.004000,100.092376,100.007924,99.944220,100.040903,100.077447,99.894036
0.005000,99.965093,100.034547,99.962780,99.995021,100.068361,100.019334
0.006000,100.136370,100.026283,99.845021,100.067849,100.135996,99.989356
0.007000,99.965245,99.987663,99.961636,100.053296,99.905660,99.833000
0.008000,99.966444,99.947144,99.985719,100.180373,99.947622,99.893616
0.009000,100.158694,100.048014,99.897708,99.962495,99.926080,100.134695
0.010000,99.868263,99.890908,100.055426,99.980669,100.055452,100.092419
0.011000,100.220318,100.234007,100.173425,100.169251,100.079394,100.066050
0.012000,100.219786,99.949179,99.915264,100.032995,99.969641,100.021316
0.013000,100.270289,99.989046,100.062873,99.687464,99.940633,99.846726
0.014000,99.958074,100.044027,100.165277,100.110880,99.990522,99.975250
0.015000,100.064136,99.968891,99.806630,99.965044,100.110335,100.077995
0.016000,99.864104,100.057446,100.133414,99.998549,100.032126,100.063704
0.017000,100.147922,100.054800,100.039802,100.022243,99.852104,100.112705
0.018000,100.090418,99.906074,99.670534,99.898225,100.012183,100.208540
0.019000,100.028836,99.895655,100.202471,99.985865,100.194616,100.090444
0.020000,100.075761,99.957483,100.065062,100.072980,100.013903,100.020744
0.021000,100.064767,99.980373,100.161711,100.030371,99.965722,99.926798
0.022000,100.164118,100.158511,99.942484,99.907131,99.939972,99.936913
0.023000,100.120772,100.252627,99.823446,99.797728,99.990739,99.808779
0.024000,100.282482,100.104476,99.920409,99.915405,100.096080,100.149767
0.025000,99.957293,99.994231,99.783346,99.997426,100.050463,100.092048
0.026000,99.924108,99.674966,99.575510,99.959592,99.916397,99.862131
0.027000,100.193516,100.021100,99.864067,100.123376,100.439488,100.313881
0.028000,99.918028,99.819354,100.217468,100.410651,100.152632,99.894438
0.029000,99.951231,100.080465,100.216701,100.057203,99.982731,100.034444
0.030000,100.021100,99.970677,99.977768,99.819943,99.992755,100.106383
0.031000,100.064518,99.998510,100.069925,99.968058,99.748343,100.103660
0.032000,99.764906,100.121530,100.141033,100.102951,100.118647,100.116334
0.033000,99.734624,100.068610,100.013520,99.749848,100.110044,100.054749
0.034000,100.095486,100.259675,100.088341,99.917314,99.635303,100.164673
0.035000,100.025070,99.791662,99.837283,100.158410,99.816990,99.995573
0.036000,99.856576,99.909018,100.097718,100.082616,100.013792,99.802211
0.037000,100.085132,100.006447,99.707612,99.691737,99.726217,100.371496
0.038000,99.964945,99.840929,99.910512,100.147448,100.598503,99.800041
0.039000,99.784790,99.915792,99.968163,100.122847,99.854266,99.747235
0.040000,100.414757,100.016181,100.021400,100.073597,100.014094,99.986210
0.041000,99.964344,99.694108,99.798447,99.957239,99.929915,100.076026
0.042000,99.912524,100.091191,99.982495,100.235203,100.240902,100.066125
0.043000,99.844849,99.937101,100.055108,100.031039,100.131111,99.926599
0.044000,99.932475,100.222020,100.084499,100.156034,100.149405,100.050512
0.045000,99.973396,99.879230,100.248924,100.284273,99.973163,99.974992
0.046000,99.914598,99.818368,99.970211,99.749759,99.938518,99.956465
0.047000,100.190753,100.051308,99.429828,99.751075,100.004425,99.773717
0.048000,99.982140,100.017223,99.972259,99.567540,99.761025,99.816769
0.049000,100.264302,100.198523,99.879669,99.745148,99.988924,100.180092
0.050000,100.118317,100.108391,99.869151,99.909142,99.672382,100.124318
0.051000,100.085737,100.319598,100.009585,99.739938,99.831010,99.534329
0.052000,100.023283,100.123904,100.302436,100.110821,100.056816,99.892160
0.053000,99.840692,99.788777,100.200733,99.863261,99.977947,100.212378
0.054000,99.891802,100.100516,99.946605,99.814744,99.998112,100.143037
0.055000,99.790242,99.801030,99.810946,99.833225,100.463153,100.164922
0.056000,100.029682,100.304556,100.028428,100.160502,99.864180,99.950516
0.057000,100.155820,100.399177,99.913280,99.646713,100.111698,100.281781
0.058000,99.855625,99.880988,99.941943,100.026151,99.751803,99.901788
0.059000,99.992711,100.172208,99.893295,100.242260,100.142526,99.927957
0.060000,100.292678,99.938847,99.927724,99.803713,99.678211,100.089390
0.061000,100.142113,99.642454,99.721927,99.891241,100.091544,100.219965
0.062000,99.532388,99.808907,100.159298,100.540809,100.304000,99.944992
0.063000,99.767866,100.059545,100.089454,100.123104,100.134330,99.269201
0.064000,99.681512,99.726540,99.957324,99.382556,99.723973,100.061352
0.065000,99.929766,100.035770,100.241442,99.940592,100.086579,99.797998
0.066000,100.142905,100.184792,99.931358,99.825216,99.883420,99.927322
0.067000,99.996224,100.015889,100.104953,100.372247,100.323170,100.197310
0.068000,99.759973,99.951367,99.993352,100.507672,100.009125,99.877574
0.069000,99.874138,99.653118,100.221189,100.018985,99.660323,99.839300
0.070000,100.046697,99.927284,99.767841,99.966787,99.849642,100.428442
0.071000,100.320491,100.124834,99.914827,100.536110,99.772928,99.968835
0.072000,100.021891,99.989895,99.895963,100.418519,99.733672,99.880637
0.073000,99.823039,100.240147,100.296077,99.970610,99.945438,100.294843
0.074000,99.822189,99.980724,100.264288,99.871821,99.816399,99.915913
0.075000,100.013238,99.527022,99.884404,100.361698,100.293825,99.989859
0.076000,99.731583,99.917081,100.134038,99.990675,99.980511,99.998218
0.077000,99.856657,99.759514,99.957078,99.962368,99.742639,100.207739
0.078000,99.785663,99.993707,100.137793,100.026584,100.077231,99.670605
0.079000,100.488935,100.153322,99.603373,100.031608,99.889925,99.513827
0.080000,100.055383,100.253471,99.998910,100.209950,99.716486,100.074968
0.081000,100.286925,99.688155,100.191877,99.326351,99.777296,100.276256
0.082000,100.113738,99.923461,99.928642,99.985902,99.990778,100.359822
0.083000,100.420317,100.424677,100.141507,100.019759,100.573332,99.829171
0.084000,99.951397,100.224703,99.788175,100.330978,99.762486,100.163223
0.085000,100.302455,99.648253,99.836902,100.433588,99.940599,99.944904
0.086000,99.877363,99.786559,100.234384,99.711493,100.231145,100.276251
0.087000,100.196492,99.353094,99.842460,99.982850,100.053211,99.911773
0.088000,100.017711,99.873235,100.065281,100.258970,100.007173,99.573805
0.089000,99.911070,100.144964,100.431027,100.282853,99.756957,100.763297
0.090000,99.679092,100.385455,99.897700,99.919546,100.301475,100.365432
0.091000,99.914786,100.019908,99.615716,99.307759,100.073789,100.497281
0.092000,99.334095,99.883531,99.690373,99.879801,99.970422,100.035522
0.093000,99.547511,100.197578,99.952993,100.122337,100.010600,99.789560
0.094000,99.913347,100.047138,100.037757,99.414908,99.534872,99.752847
0.095000,99.612391,100.364595,100.222909,100.083387,100.085314,99.651460
0.096000,99.735811,100.087352,100.019756,99.696379,100.151186,100.295923
0.097000,100.474977,99.805923,99.837776,100.059805,99.873474,100.167669
0.098000,100.144652,100.150030,100.014071,100.161605,100.462094,99.701018
0.099000,100.195190,99.571649,100.034581,100.655208,99.628645,99.538242
0.100000,99.973546,99.939565,100.453973,99.994017,99.800412,99.862186
0.101000,100.468181,100.240515,100.122265,99.835662,99.369814,99.966477
0.102000,99.779291,100.164604,99.652590,99.672387,99.972339,99.650495
0.103000,100.326511,100.201447,100.251678,99.573526,100.026478,99.771268
0.104000,100.007415,99.934092,100.086091,99.872616,99.466216,100.092570
0.105000,99.824243,99.813384,99.638762,100.416426,99.854886,99.905297
0.106000,99.548728,100.278247,99.659518,100.090734,99.979801,100.364869
0.107000,99.716694,100.088700,100.174635,99.927628,100.316647,99.646297
0.108000,99.882497,100.159883,99.681174,99.338586,99.233070,99.635351
0.109000,99.693767,100.164170,100.020556,99.116752,99.835997,100.097932
0.110000,100.071049,100.359332,99.912932,100.527519,99.781968,99.658248
0.111000,100.002777,100.087287,100.020612,99.952667,100.671785,99.769870
0.112000,100.079529,99.834422,99.380256,99.980147,99.902699,100.139704
0.113000,99.655048,100.683464,100.188768,100.062198,100.185619,99.834237
0.114000,100.109978,100.319578,99.946760,100.194419,100.258317,100.410146
0.115000,100.236928,100.465386,99.519583,100.214543,100.217044,99.799148
0.116000,100.508490,100.238934,100.074731,99.885240,100.368644,99.978639
0.117000,100.353983,99.940201,100.451159,99.603262,100.002732,99.856277
0.118000,100.361077,100.023959,99.788866,99.821106,100.024076,100.234879
0.119000,100.346994,99.924473,100.194789,99.692893,100.262409,99.605943
0.120000,99.815128,100.321740,99.328205,99.953883,99.383311,100.130963
0.121000,100.856721,100.367323,100.000482,99.978812,100.585527,99.316801
0.122000,100.136677,100.275547,100.054177,100.273643,99.667032,99.362848
0.123000,100.650543,100.002156,99.923281,99.610261,100.136458,99.714102
0.124000,100.054285,100.013114,99.503347,99.756250,99.533080,99.445981
0.125000,100.638120,99.788949,100.166143,99.909035,99.873895,100.137113
0.126000,100.272950,99.744425,100.371222,99.856348,99.856052,100.060970
0.127000,99.656965,99.435530,99.566725,99.849318,100.548700,99.557803
0.128000,100.030978,100.281916,100.424540,100.041084,100.167822,100.222261
0.129000,100.049587,99.983646,100.189997,100.166107,100.121848,99.152593
0.130000,99.656713,99.793312,99.994139,99.818083,99.715555,100.321349
0.131000,99.962938,100.003710,99.498576,99.935227,100.021782,100.094625
0.132000,100.382905,100.162970,99.568065,100.176419,100.341504,100.642467
0.133000,99.756456,99.390836,99.909258,100.420098,100.216723,99.953552
0.134000,100.544005,100.233525,99.723325,100.093822,99.680080,100.546524
0.135000,99.662359,100.105781,100.360799,99.936883,100.502576,99.926528
0.136000,99.986907,99.666216,99.745632,100.232351,99.967068,100.331706
0.137000,100.061328,100.112493,99.749111,99.672281,99.760760,100.151736
0.138000,99.867284,99.328448,99.992023,99.936018,99.885560,99.819602
0.139000,100.658020,100.101365,100.034525,99.300640,99.692596,100.283423
0.140000,99.894687,100.351192,99.635665,99.892268,100.013313,100.049002
0.141000,100.183924,100.212718,99.582437,99.989497,99.760782,99.707481
0.142000,100.081664,100.318590,100.449370,100.013106,100.534038,100.028403
0.143000,99.819525,99.682261,99.975515,100.817420,99.725039,99.877162
0.144000,99.862534,99.807863,99.267509,100.096579,100.056726,99.636085
0.145000,100.200639,99.865859,100.260840,100.279210,99.778175,99.774668
0.146000,99.995697,99.956026,99.826776,100.223342,99.453595,100.044685
0.147000,99.621450,100.104450,100.324563,99.358617,99.694296,99.772160
0.148000,99.575273,100.376781,100.687735,99.999242,100.263833,99.473457
0.149000,100.028068,99.907763,99.566508,99.685854,99.963864,99.573413
0.150000,99.912912,100.179905,100.019596,100.330465,100.214189,100.451022
0.151000,99.876550,100.361398,100.848911,100.575930,99.845393,99.884820
0.152000,100.123384,100.675524,100.111135,99.866692,99.846801,100.023825
0.153000,100.293820,99.754464,99.134993,100.477001,99.511542,100.407143
0.154000,100.152504,99.496778,99.790932,100.238574,99.874013,100.082938
0.155000,100.508724,99.607180,99.701949,99.620048,100.218131,100.062557
0.156000,100.031911,99.540693,99.856920,99.740677,100.094430,100.027177
0.157000,99.864820,99.723845,100.050269,99.804370,99.691678,100.059140
0.158000,100.377157,99.818211,100.016978,100.705800,99.826919,99.527865
0.159000,99.890062,100.067195,100.001271,99.800456,100.631423,99.942283
0.160000,100.332490,99.457122,99.929548,100.010398,100.252479,100.420376
0.161000,100.655160,99.460639,100.228710,99.981255,99.982514,99.805195
0.162000,99.755696,100.253034,100.025024,99.902397,99.955092,99.330930
0.163000,100.063745,99.986655,100.343709,100.006620,99.498082,100.127655
0.164000,99.993789,99.449396,99.505279,99.950256,99.365994,99.982935
0.165000,100.915487,100.254621,99.764019,100.117555,100.104130,99.686367
0.166000,99.910978,99.578924,99.280607,100.021449,99.627605,99.842653
0.167000,99.443995,99.660002,99.614316,99.876850,100.203590,100.317451
0.168000,99.893561,100.418865,100.134690,100.469838,99.412592,99.433994
0.169000,99.739003,100.543154,99.485095,99.916722,99.983166,99.987100
0.170000,99.983261,100.463658,99.769212,99.834698,100.116199,99.772452
0.171000,99.475682,99.805010,99.801361,100.101924,99.772057,99.217223
0.172000,100.003710,100.096558,100.073008,100.403391,100.578697,100.282891
0.173000,99.934034,99.631107,99.938038,100.124467,100.405275,99.795189
0.174000,99.756326,99.894425,99.428841,100.172463,100.026879,100.487218
0.175000,100.164943,99.879230,99.830356,100.080856,99.362313,99.785313
0.176000,99.765009,100.548827,100.369110,99.891113,99.655112,99.998294
0.177000,99.682676,100.090007,99.996862,99.850705,99.892325,99.400112
0.178000,99.932777,99.826550,99.563709,99.798302,99.883415,100.377524
0.179000,100.341020,100.386532,99.987360,99.964456,99.683327,99.807155
0.180000,100.514609,100.057162,100.263098,99.964734,100.172331,99.922444
0.181000,99.847860,100.637124,100.528590,99.959889,100.361234,100.009288
0.182000,99.480307,100.045785,99.849242,99.979391,99.904713,100.037891
0.183000,100.508612,100.115261,99.303663,100.405148,100.314253,99.457499
0.184000,100.122637,100.132985,100.350904,99.977908,100.348265,100.511154
0.185000,100.460831,100.148882,100.575733,100.440071,100.391316,100.116551
0.186000,100.110736,99.957524,100.167076,100.614325,99.847152,100.162704
0.187000,100.172657,100.265696,100.060583,99.631646,100.077527,100.605079
0.188000,99.924342,99.899419,100.104992,100.352082,99.594480,99.700697
0.189000,100.102170,99.832374,100.367705,100.202717,99.914486,100.148566
0.190000,100.225757,100.123568,100.028090,100.114975,100.043794,100.423512
0.191000,99.844591,99.598598,100.331530,100.186214,100.126788,100.081097
0.192000,100.020986,99.649320,100.391532,99.926105,100.306849,100.238527
0.193000,99.991630,100.215690,99.979388,100.118235,100.238092,99.899376
0.194000,100.054651,100.144477,99.618202,100.217935,100.031891,99.552097
0.195000,99.960012,99.846591,100.370667,100.085812,100.629564,100.057982
0.196000,99.704360,99.915242,100.453948,99.507176,99.792883,99.843771
0.197000,100.084324,99.607951,99.962126,99.171905,99.464274,99.373948
0.198000,99.542482,99.502436,100.089908,99.752221,99.713228,100.092155
0.199000,99.448332,99.775314,99.802631,100.071604,100.191264,100.261209
0.200000,100.296537,100.565365,100.124560,100.090194,100.096299,99.927686
0.201000,99.848968,99.520403,100.486043,99.691706,99.809402,100.220370
0.202000,100.176726,99.115430,100.321215,100.213021,99.803495,99.619610
0.203000,100.483907,99.812086,99.223805,100.205823,99.465974,100.076807
0.204000,99.854897,100.085359,99.854191,99.605148,99.153144,99.681541
0.205000,100.609080,99.759054,99.542943,99.615226,99.955008,100.184736
0.206000,100.195663,100.287827,99.988046,100.254157,100.224718,100.716503
0.207000,99.692118,99.645761,99.936745,100.245991,100.481212,99.910972
0.208000,99.815584,99.711294,99.806527,100.458321,99.481273,99.587496
0.209000,99.902506,100.316921,100.108432,100.383950,99.948546,100.408567
0.210000,100.069305,100.018706,100.066446,100.042111,99.765959,100.073728
0.211000,100.404012,100.011196,100.098181,99.675430,99.214012,100.229964
0.212000,100.351722,99.711728,99.950463,99.925578,99.701819,99.786527
0.213000,99.941456,99.953101,99.835804,99.722783,99.632021,99.462180
0.214000,99.922731,100.072320,99.545424,99.878753,100.282518,100.206230
0.215000,99.979438,100.240165,99.437732,100.263361,99.797776,99.845615
0.216000,100.150113,99.987568,99.867628,100.278793,99.973855,100.140647
0.217000,99.884409,100.527933,99.832114,99.873774,100.394985,99.875966
0.218000,100.557474,100.943625,100.138997,100.228152,99.629028,99.439971
0.219000,99.865135,99.696174,100.391986,99.838885,99.433081,100.023281
0.220000,99.684952,99.464006,99.705768,101.401844,100.428699,100.529130
0.221000,99.752781,100.195016,99.670171,99.894779,100.054376,100.766972
0.222000,99.583476,99.666823,99.772225,99.792459,99.905200,100.129267
0.223000,100.379347,99.709045,99.679595,99.927105,99.647568,100.054892
0.224000,99.870053,99.651687,99.693807,99.717650,100.587344,99.769741
0.225000,99.666962,99.670878,99.253890,99.697371,99.895176,100.041619
0.226000,99.641425,99.858734,99.200875,100.181712,100.341847,100.021585
0.227000,99.999117,99.731674,100.078234,99.659118,99.471309,100.210395
0.228000,100.185754,100.212322,99.889449,100.381027,99.926548,99.768024
0.229000,100.224652,99.649358,100.296333,99.954344,99.804836,99.990396
0.230000,99.959440,100.240875,99.799067,99.630952,100.041005,100.514756
0.231000,100.106216,100.107437,100.285302,100.093177,99.654352,99.779899
0.232000,100.031877,100.399012,99.480947,99.865716,99.749668,100.910633
0.233000,100.152197,99.724946,100.138109,100.139372,100.297513,100.031298
0.234000,100.309181,100.208767,100.092213,99.054334,100.172090,99.757105
0.235000,100.450617,100.269280,99.197472,99.834510,99.761606,99.917692
0.236000,99.842425,99.945499,100.222312,100.444175,100.269841,100.037755
0.237000,99.586945,99.485150,99.776510,100.657892,100.789724,100.277199
0.238000,100.686473,99.624481,100.574050,100.514398,100.278278,100.476993
0.239000,100.356094,100.490251,99.796171,99.714594,100.444339,100.471009
0.240000,100.266753,99.463137,99.729936,99.652999,100.159673,99.707425
0.241000,99.828037,100.010824,99.255304,99.655004,100.290302,99.534735
0.242000,99.451133,99.909058,100.242078,100.227733,99.507233,100.014424
0.243000,100.165429,99.849993,100.232153,99.253244,99.644507,100.322170
0.244000,100.571805,100.501460,100.112362,100.590018,99.824577,100.032947
0.245000,101.127136,100.150317,100.039108,100.515482,100.248502,99.445981
0.246000,99.087975,100.165775,100.171392,99.925116,100.165807,99.904122
0.247000,100.043259,100.728485,100.490155,100.062665,100.217409,99.877656
0.248000,99.517430,99.919041,99.180005,100.295935,100.542186,99.884927
0.249000,99.940851,100.538092,100.278770,100.370106,100.689514,101.096115
0.250000,99.850203,100.095248,100.226168,100.168290,100.259808,100.032590
0.251000,99.525013,99.680342,99.596366,100.227979,100.074704,100.361715
0.252000,99.942788,100.426200,99.840992,99.565673,99.934882,99.680322
0.253000,99.456703,100.069065,100.433842,99.859503,100.344997,100.182613
0.254000,100.304448,100.460535,100.011558,99.405384,99.613533,100.186564
0.255000,100.170758,99.300926,99.322255,99.131816,100.003073,100.212180
0.256000,99.788307,100.437693,100.199260,99.969696,100.010291,99.429058
0.257000,99.699078,99.569996,99.435003,99.367561,100.014532,100.249748
0.258000,100.100074,100.241367,99.844964,99.980894,99.947129,99.898199
0.259000,100.168737,100.283958,100.279431,100.052124,100.036218,100.451437
0.260000,99.636382,99.910900,100.074731,99.705558,99.821268,99.753694
0.261000,100.229131,100.033623,99.777684,99.225738,99.841769,100.543714
0.262000,100.608694,99.654979,100.202381,99.974417,99.156134,100.200283
0.263000,99.654731,100.425833,99.380923,99.658458,99.746489,101.010693
0.264000,100.077793,99.720097,99.908830,100.447067,99.479918,99.466880
0.265000,100.362859,100.046348,99.628429,100.164773,99.706672,100.191754
0.266000,99.252464,99.739192,99.633127,99.879256,99.967680,99.667303
0.267000,99.150771,99.978704,100.413030,99.887832,100.039036,99.960380
0.268000,99.728430,99.289195,99.909600,100.969114,100.669008,100.386870
0.269000,99.573516,100.608807,100.502971,100.266609,99.911332,99.660568
0.270000,99.642575,99.993071,99.678093,100.127368,99.963033,99.647296
0.271000,99.712312,99.209221,99.372692,99.888832,100.031313,99.586558
0.272000,100.233883,99.779981,99.805072,100.462241,100.995676,99.939268
0.273000,100.257197,99.244583,100.064098,99.999574,100.327518,99.760878
0.274000,100.421867,100.371634,100.524262,100.082498,100.140434,99.899249
0.275000,100.241467,99.924463,99.926276,99.963966,100.129671,99.467331
0.276000,99.514205,99.885777,99.858827,99.814875,100.369288,99.886817
0.277000,99.221816,99.754544,99.500258,99.205006,99.877929,100.004425
0.278000,100.003983,100.282115,100.157585,100.269561,99.941298,100.067498
0.279000,99.954787,99.803582,99.576473,99.787952,100.626147,100.064369
0.280000,100.358171,99.867576,100.198026,99.796654,100.119304,100.040589
0.281000,100.199930,100.630883,100.513604,100.038590,100.865316,100.512166
0.282000,99.889031,100.833746,99.801739,99.589294,100.477183,100.244492
0.283000,100.530396,100.617417,99.957287,100.089139,100.564387,99.268359
0.284000,100.380629,99.825289,100.492898,99.624841,100.238081,100.020736
0.285000,99.865509,100.127026,100.701807,100.115982,100.267941,99.902816
0.286000,100.592010,100.138607,100.209256,100.085008,99.603387,100.192285
0.287000,101.036463,99.849427,99.425262,100.176216,99.303251,100.086434
0.288000,99.752519,100.390399,100.959512,100.247051,99.875060,99.750487
0.289000,99.648627,99.625327,99.966667,99.782938,100.512570,99.723730
0.290000,99.676999,99.955895,100.115380,99.839248,100.035811,99.921787
0.291000,99.822238,99.810079,100.039350,99.809456,99.550871,99.994086
0.292000,99.593426,100.371321,100.244364,100.733235,99.970240,99.804339
0.293000,99.296149,100.742348,99.666969,99.852217,100.477553,100.281654
0.294000,100.226374,100.604608,100.323313,99.795572,99.806510,99.694066
0.295000,100.302461,100.204199,100.301363,100.078700,100.635830,100.104294
0.296000,100.404022,99.804112,99.677935,99.425402,99.747367,100.261145
0.297000,100.422247,100.336866,101.090410,99.846937,99.778307,99.446516
0.298000,99.802214,99.824452,99.849910,99.866788,99.425486,100.337361
0.299000,100.272975,99.869295,100.038147,99.770371,99.785894,100.877076
0.300000,100.184606,99.770368,99.946503,99.547773,99.325923,99.737234
0.301000,100.006716,100.116465,99.621234,99.567540,100.136228,99.420646
0.302000,100.118144,100.815595,99.691519,100.076126,99.744140,99.914687
0.303000,100.047969,100.261517,99.914546,100.049236,100.515497,99.868025
0.304000,99.081465,100.165734,100.457014,99.938727,100.329475,99.757908
0.305000,98.985064,100.810694,99.755812,100.262573,100.695206,100.282361
0.306000,99.462188,99.600228,99.455155,100.191912,100.168380,99.477816
0.307000,99.658271,99.847132,99.936939,100.232174,99.227197,99.787849
0.308000,99.464060,100.036774,99.551767,100.463431,99.618479,99.896635
0.309000,99.930310,100.439325,100.241122,99.533058,100.603468,100.133882
0.310000,99.934450,100.260662,100.216682,100.088072,99.165532,99.811560
0.311000,100.468855,100.577917,100.192299,100.254046,99.941209,100.429304
0.312000,100.182047,99.733951,99.695812,100.261523,100.452706,100.307704
0.313000,99.844891,99.966049,100.271753,99.903759,99.844671,99.818227
0.314000,100.295795,100.722737,99.815635,100.086806,100.001895,100.205327
0.315000,99.264460,100.209626,99.633975,100.090365,99.722520,99.658846
0.316000,99.817848,100.451721,99.948177,99.757766,100.309507,100.144406
0.317000,100.275250,99.447103,100.560201,99.793803,99.745586,99.239160
0.318000,99.810244,99.890190,99.623543,99.808284,99.877905,99.795969
0.319000,99.315238,99.658837,99.839642,99.905172,99.526412,99.822670
0.320000,100.454622,99.993223,100.292780,100.024983,99.743313,100.079634
0.321000,99.799473,99.683070,100.485454,99.716549,99.581157,99.572627
0.322000,99.714007,100.207562,99.083643,100.335594,99.863407,100.978988
0.323000,99.712417,100.582526,100.228863,100.287785,99.658013,99.938078
0.324000,99.836005,99.529530,100.142967,99.611400,100.185103,99.992949
0.325000,100.261447,100.076293,100.320199,100.482240,99.290071,99.048334
0.326000,100.981623,99.810720,99.630999,100.164679,99.262002,100.259550
0.327000,99.687005,100.667057,100.339737,99.547787,100.793364,99.725078
0.328000,99.821785,100.210703,99.734943,100.326792,100.576830,100.047127
0.329000,100.266200,100.098832,99.143000,99.858833,100.103516,99.654824
0.330000,99.598607,99.913185,99.821686,100.701744,99.742385,99.886097
0.331000,99.473040,99.952694,100.026310,99.581120,99.341501,99.734470
0.332000,100.189136,99.918138,99.371215,99.492254,99.412187,100.614865
0.333000,99.625739,99.405699,100.071532,99.728621,100.226411,99.726486
0.334000,100.074525,100.271981,100.835400,99.853218,100.311405,100.445607
0.335000,100.483400,99.713465,100.336149,100.703264,99.822025,100.540718
0.336000,99.841870,99.409674,99.826060,100.037142,99.668054,99.451087
0.337000,100.010952,100.091560,99.949591,100.037181,101.108460,100.741790
0.338000,100.539033,100.041150,100.313170,99.917596,99.671890,99.347297
0.339000,99.558534,100.478506,99.675187,99.751742,99.899196,100.029964
0.340000,99.588525,100.560743,100.084227,100.240233,99.629332,99.765962
0.341000,100.034360,99.836219,100.327565,99.892957,100.039745,100.430436
0.342000,99.972798,99.977694,99.729115,99.921990,99.415224,99.768366
0.343000,99.764352,99.985372,101.103027,99.957511,99.865801,100.088323
0.344000,99.533610,100.213199,100.122647,99.887178,99.743519,99.750245
0.345000,100.537659,99.677930,99.383988,99.924575,99.675307,99.716909
0.346000,100.386038,100.382605,99.544450,99.944566,100.100322,100.521145
0.347000,100.114670,99.798762,100.302184,100.003512,99.809504,99.944315
0.348000,100.374868,99.908442,99.974437,99.801993,99.797248,100.192962
0.349000,99.825138,99.581065,99.791577,99.275723,99.916918,100.113540
0.350000,99.444125,99.745223,100.025008,100.156496,100.235635,99.465688
0.351000,99.478365,99.684494,99.049058,99.784437,99.877569,100.216197
0.352000,99.771885,99.911135,99.236729,99.891814,100.279954,100.268686
0.353000,99.709306,100.032978,100.385740,99.542061,100.004267,100.511174
0.354000,100.448571,99.923898,100.002565,100.476734,100.310499,99.686208
0.355000,99.748139,100.428699,100.043234,99.246734,100.005423,99.662184
0.356000,100.732599,99.640103,99.162890,99.468383,99.853147,99.783711
0.357000,99.831715,99.674816,100.140860,100.445591,99.659269,99.931706
0.358000,99.728534,100.172970,100.344748,99.518028,100.133989,99.901987
0.359000,100.314020,99.889078,99.786120,99.880721,99.728250,100.058174
0.360000,100.106669,100.170655,99.981734,99.844533,100.111671,99.997013
0.361000,100.241703,99.657743,99.839306,100.708108,99.861824,100.277737
0.362000,99.256603,99.611994,99.739147,99.736051,99.181060,100.385131
0.363000,100.266984,99.468135,100.149367,99.931377,100.039435,99.210524
0.364000,100.290778,100.236622,99.953547,99.879935,99.789742,100.178286
0.365000,99.849823,99.587159,99.855017,99.811146,99.506383,99.160439
0.366000,99.682777,99.709853,99.915514,100.016992,99.890536,100.267420
0.367000,100.037258,99.456608,100.322955,100.048513,100.139522,100.051159
0.368000,100.202493,99.844275,100.030176,100.154709,99.932259,100.306629
0.369000,99.799064,100.105497,99.652678,100.314176,99.585566,100.609466
0.370000,100.198838,99.909976,100.258719,100.106357,100.273674,100.789673
0.371000,99.685130,100.017483,100.190010,100.437333,99.822337,100.317068
0.372000,100.105242,100.176730,101.325169,100.218214,99.788495,100.215756
0.373000,99.795991,99.961337,99.476155,100.308292,100.453670,100.195748
0.374000,99.952569,99.775460,100.193581,100.093871,99.900816,100.403278
0.375000,99.502045,99.205511,100.287639,99.966414,99.970568,100.385033
0.376000,100.489928,100.666147,100.054306,100.331373,99.787400,100.490442
0.377000,100.866854,99.615860,100.124935,100.067732,100.546133,99.600072
0.378000,99.493303,100.134129,99.636230,99.509865,100.031435,101.063255
0.379000,100.523390,99.816325,99.800400,99.675466,100.045433,99.789444
0.380000,100.470102,99.855997,100.560947,99.910505,99.782629,99.963488
0.381000,99.363119,99.589503,100.565583,100.281404,100.413630,99.539276
0.382000,99.315249,100.050263,99.933839,99.090209,99.598666,99.932847
0.383000,100.043199,99.934168,100.053074,99.826264,100.205997,99.652097
0.384000,100.149518,100.022410,100.088214,100.479327,100.321440,99.723294
0.385000,99.611453,99.876800,100.371065,100.321484,101.045953,100.750557
0.386000,99.864188,99.526169,100.089031,99.852869,100.212939,99.867713
0.387000,99.819094,100.526738,99.889396,100.544092,100.051254,100.095259
0.388000,100.512191,100.047802,99.746394,100.458069,99.707358,99.373390
0.389000,99.841824,99.789765,99.864196,99.660713,99.007570,99.795966
0.390000,100.174017,100.071699,100.297699,100.791095,99.768619,99.529880
0.391000,100.640447,100.472942,99.650431,100.515220,100.010884,99.971890
0.392000,100.060488,99.651730,100.576588,100.286654,99.528071,99.988485
0.393000,99.699465,99.899481,99.543640,99.792657,100.001728,99.743320
0.394000,99.888589,99.853552,100.133697,99.471753,100.274095,99.606248
0.395000,99.834101,99.779103,99.912171,100.180570,99.514190,100.559364
0.396000,100.395819,99.583525,99.871235,100.038077,99.350677,100.953351
0.397000,100.281778,100.032507,100.509731,100.417678,100.252713,100.356884
0.398000,99.903319,99.778839,99.837635,99.584163,100.118122,99.888180
0.399000,100.096855,99.938789,100.596684,100.645275,99.812353,100.033301
0.400000,99.832559,100.961042,100.350297,100.034337,100.106027,100.242168
0.401000,99.656549,99.877249,99.993967,100.447016,100.082256,99.554815
0.402000,99.855356,99.443586,100.173623,99.980267,100.472993,100.385452
0.403000,99.812323,100.277322,100.225515,99.730945,100.054600,100.326052
0.404000,100.001653,99.999972,99.975305,99.705044,99.935702,100.020150
0.405000,100.268184,100.125423,99.786117,99.698590,99.620649,99.777951
0.406000,100.539510,99.548238,100.022886,99.921837,100.142396,100.142244
0.407000,99.865962,100.346704,99.840401,99.114701,100.241648,99.742293
0.408000,100.107582,99.874121,100.532373,100.347983,99.780032,99.671623
0.409000,100.404915,100.010422,100.176899,99.977744,100.037172,100.157433
0.410000,99.987305,99.930721,100.437435,99.942130,100.470004,99.703132
0.411000,100.028136,99.501998,100.253251,100.321680,99.713156,100.092020
0.412000,99.595403,100.455196,99.584094,100.500180,100.310923,100.131009
0.413000,100.056983,99.829700,99.785680,100.637699,100.370314,100.416175
0.414000,99.593171,99.501980,99.621590,99.548642,99.475197,100.014128
0.415000,99.813213,100.406244,99.457345,99.091897,99.771766,99.761790
0.416000,100.771944,99.970847,100.653793,99.652274,99.632090,99.996290
0.417000,100.341095,100.249108,99.928720,100.029254,100.137600,101.046884
0.418000,100.086586,100.043837,100.315137,99.705266,99.942967,100.062899
0.419000,100.215450,100.143701,100.270930,99.842199,100.306323,99.265344
0.420000,99.478632,100.313239,99.985212,100.263640,99.608483,99.799097
0.421000,99.903229,100.183705,99.683751,99.784860,99.938130,99.625111
0.422000,99.985463,100.223484,99.813882,100.372622,99.778753,100.352807
0.423000,100.442542,99.541180,100.335726,100.453701,99.576781,100.086132
0.424000,100.710304,100.146744,99.749159,99.823301,100.304730,101.159880
0.425000,99.399599,99.901361,100.092500,99.796964,99.673657,100.544777
0.426000,99.758530,100.135118,100.552689,99.759567,99.943551,100.193473
0.427000,100.267015,99.974737,99.914875,99.790123,100.547520,99.912407
0.428000,100.051054,100.636799,100.143497,100.005681,99.876746,100.068833
0.429000,100.040051,100.658851,99.872450,99.823339,99.545915,100.547143
0.430000,100.143781,100.528186,99.911898,99.654922,100.215007,100.408324
0.431000,99.751644,99.905400,99.678137,100.065307,100.085029,100.296006
0.432000,100.202409,99.481577,100.071582,99.618954,99.730717,99.684654
0.433000,100.459050,99.683923,99.345598,99.944278,100.427752,100.197477
0.434000,99.942060,99.509036,99.049791,100.293728,100.273233,100.383821
0.435000,99.889500,99.693000,100.081301,99.851308,99.549626,99.987810
0.436000,100.039351,99.589239,100.129147,99.253759,99.455199,100.105121
0.437000,99.674765,99.486043,99.272414,100.297727,99.703705,100.739706
0.438000,100.378350,100.143303,99.815588,100.129660,100.023111,100.223902
0.439000,99.563683,99.671871,99.561220,99.500142,100.452257,100.003712
0.440000,100.710945,99.877784,99.657305,100.650168,100.590283,99.792609
0.441000,100.207464,100.921857,100.252097,98.914324,100.536929,100.001406
0.442000,100.024887,99.637664,99.490483,100.725282,99.429659,100.122602
0.443000,100.078096,99.911135,99.448250,99.953373,99.887513,99.639153
0.444000,99.886887,99.830787,99.492970,99.950179,99.362230,99.789642
0.445000,99.972991,99.675058,99.853927,100.335235,100.164295,100.237138
0.446000,100.095405,100.231846,100.956368,100.319050,99.443242,100.087141
0.447000,100.489679,100.350435,99.689015,99.494518,100.685574,99.684583
0.448000,100.074000,99.364275,99.954920,99.824038,100.317656,99.287480
0.449000,100.112184,100.516914,100.378833,99.865457,99.933368,99.970784
0.450000,99.939589,100.210705,99.991929,99.634998,99.916711,100.005386
0.451000,100.122171,100.264252,100.509628,99.878383,100.139654,100.058342
0.452000,100.703786,100.040857,99.681093,99.832072,100.116472,100.298848
0.453000,100.419525,99.727949,100.176060,99.882176,100.170471,100.251339
0.454000,99.462194,99.829226,99.277147,99.986371,99.792390,99.746735
0.455000,99.904674,99.696186,99.958057,99.562743,100.493944,99.797504
0.456000,99.803712,100.036439,100.173317,100.011301,100.039047,100.226586
0.457000,100.271470,99.319347,99.864087,100.687776,99.948225,100.545130
0.458000,100.047324,100.340597,100.276601,100.340988,99.923484,99.890556
0.459000,99.312499,99.962017,100.452371,100.258690,100.352923,100.301413
0.460000,99.796966,100.204766,99.943234,99.836088,99.931575,100.180939
0.461000,100.088390,100.663712,99.977089,100.554140,99.384480,100.185356
0.462000,99.797592,99.717915,99.951402,99.834674,99.752676,99.689087
0.463000,99.987412,100.306364,99.969311,100.782873,100.095354,99.523898
0.464000,100.363268,100.283727,99.901229,99.885817,99.884165,99.383427
0.465000,99.564228,99.725733,100.230318,100.066191,100.027562,100.496556
0.466000,100.197687,99.745941,99.130141,100.370065,100.089457,100.323219
0.467000,99.532452,100.089013,100.225980,99.340807,100.257057,99.978796
0.468000,99.784298,100.524233,100.320491,99.997765,100.026450,99.676978
0.469000,100.224540,100.872145,100.191817,99.930761,100.151698,100.228831
0.470000,99.916962,100.340682,99.655520,100.103999,99.968231,100.081482
0.471000,99.924589,100.202411,100.258143,99.323595,99.954814,100.234134
0.472000,99.945747,100.055688,99.600951,100.491591,100.523854,100.395187
0.473000,100.072697,100.183882,100.602752,100.214063,100.442024,99.433350
0.474000,100.140258,100.392134,100.398826,100.528768,99.945593,100.194232
0.475000,100.270713,99.984339,100.038666,99.609400,99.830678,100.447718
0.476000,99.789175,100.371535,99.860834,100.607792,100.117875,100.575291
0.477000,99.921138,99.724040,100.563640,99.641470,99.514047,99.823535
0.478000,100.210779,99.866786,100.571998,100.353398,99.974358,100.045760
0.479000,100.603173,100.143359,99.652029,99.547550,99.965133,99.417950
0.480000,99.650162,100.123645,100.145294,100.566342,100.016500,100.248485
0.481000,100.659554,100.154924,99.691743,100.214554,99.931510,99.911159
0.482000,100.232925,99.695734,99.990008,100.057112,100.031380,99.643291
0.483000,99.940951,100.102123,99.753335,100.317499,100.132002,100.193047
0.484000,100.158872,100.302704,99.944679,100.718727,99.756618,100.051213
0.485000,99.854859,100.262206,100.448308,99.554377,100.470514,100.217448
0.486000,100.236671,99.809343,99.987642,100.386483,100.051356,100.485864
0.487000,99.851163,99.811744,100.335783,99.907578,100.656949,100.328219
0.488000,100.442551,100.548440,99.672651,99.925895,99.871245,100.709107
0.489000,100.255992,99.699181,100.341187,99.949929,99.954815,100.161190
0.490000,100.208873,100.311458,99.933517,100.464242,100.492103,99.690493
0.491000,100.079846,100.026413,99.965252,100.298386,100.683794,99.886201
0.492000,100.063140,99.631968,99.951335,100.099945,99.692095,99.767295
0.493000,100.165935,99.825389,100.790425,99.665055,99.782739,99.629803
0.494000,100.406427,99.586714,100.049316,99.571010,100.307697,99.367365
0.495000,99.898556,99.797423,99.852937,100.349413,99.290519,100.426185
0.496000,100.004771,99.483631,99.499983,99.920561,100.419342,100.372987
0.497000,99.862394,99.609767,99.449499,99.670438,100.033741,100.126619
0.498000,100.167053,99.147649,100.073488,99.844507,99.974473,99.632347
0.499000,99.366339,100.376045,99.965787,100.338101,99.758466,99.130571
0.500000,99.701329,99.966212,100.058225,100.028875,100.088141,99.895260
0.501000,100.236060,99.949746,99.559899,100.315568,100.353792,99.850763
0.502000,99.751322,99.875362,100.382067,100.025885,99.994835,100.618620
0.503000,99.619037,99.740845,100.058191,99.898859,98.939187,99.906710
0.504000,100.077732,100.194793,100.312983,99.993185,100.032864,100.529225
0.505000,100.199137,99.881386,100.152568,99.520895,100.011742,99.745930
0.506000,100.703924,100.280174,100.269997,100.394160,100.108826,99.756626
0.507000,100.337482,100.391073,100.106736,100.187920,100.541500,100.666099
0.508000,99.611708,100.535563,100.479320,99.778626,100.645725,100.434991
0.509000,100.106885,100.374083,99.813987,99.630902,100.282256,100.290457
0.510000,99.807162,100.574772,99.770613,100.061435,100.296954,100.291150
0.511000,100.488714,100.329826,99.824424,100.034327,100.650422,100.203562
0.512000,99.978026,99.401460,100.080961,100.513278,99.517143,99.802021
0.513000,99.637733,99.988781,99.772207,100.020910,99.277265,100.450447
0.514000,100.321403,100.095180,99.446357,99.385326,99.679951,100.502083
0.515000,99.092068,99.957576,99.797815,100.118418,99.848421,100.091190
0.516000,99.902356,99.604550,99.790621,100.095375,100.160704,100.115755
0.517000,99.870146,100.081090,99.703127,100.636525,100.360669,100.626429
0.518000,100.556627,100.029355,100.217353,100.397255,100.043226,100.079569
0.519000,99.586816,99.907593,100.004019,99.325242,99.527607,99.956640
0.520000,99.769770,99.742692,100.650290,99.775883,99.615892,99.923742
0.521000,100.429620,99.668496,99.480275,99.857078,100.374153,99.186681
0.522000,99.156936,99.456697,100.260889,99.755462,100.315845,99.837867
0.523000,99.649821,99.119753,100.147932,98.836974,99.695813,100.094157
0.524000,100.395047,100.013207,100.136290,99.830959,100.241227,100.385938
0.525000,100.047368,99.808442,98.894930,100.561074,100.008253,99.740382
0.526000,99.997634,100.041546,99.565987,99.377757,99.500387,99.980791
0.527000,99.639761,99.949303,100.233645,99.498458,99.576068,99.465233
0.528000,99.947934,100.178630,99.913088,100.542528,100.037048,100.228853
0.529000,99.932293,100.023944,99.957204,100.102404,99.970423,100.090850
0.530000,99.586953,99.630788,99.728808,100.154394,100.389587,100.295378
0.531000,100.211887,99.822952,99.869572,98.985355,100.221071,100.294450
0.532000,99.915736,99.771159,100.859175,99.834397,99.886808,100.002902
0.533000,99.846231,99.668106,99.902159,99.818542,99.750264,100.114144
0.534000,99.975511,100.526078,100.372320,99.515478,100.519587,100.218251
0.535000,100.233025,100.636653,100.061841,100.390082,99.869623,100.398724
0.536000,100.150038,100.208463,100.223045,100.331240,100.022499,99.730569
0.537000,100.057702,100.150468,99.622210,100.161270,100.006811,99.815358
0.538000,99.761069,99.905245,99.933845,100.275100,100.080718,100.270998
0.539000,100.055994,100.730876,100.464669,100.305645,100.452474,100.329560
0.540000,100.348626,99.893724,99.750401,99.611931,100.314863,100.261501
0.541000,99.818440,100.050322,100.316919,100.358338,100.043059,100.259964
0.542000,100.954595,99.834012,100.176702,100.365289,99.961949,100.263372
0.543000,100.178529,100.270889,100.154555,100.028295,100.082054,99.923415
0.544000,99.368878,100.371127,99.664664,100.319328,99.520975,100.032318
0.545000,100.099870,99.835226,99.521911,100.149852,99.799386,100.462031
0.546000,100.017628,99.693283,100.440573,99.520262,99.826696,99.522076
0.547000,100.169615,100.046579,99.790605,99.995761,100.758350,100.265789
0.548000,100.140082,100.053073,99.330595,101.144397,100.392279,100.134468
0.549000,99.639713,100.371859,100.087524,99.940153,100.114497,100.047470
0.550000,100.471181,100.345136,99.843532,100.289015,100.368664,99.980342
0.551000,99.501317,100.108724,100.284614,99.172334,100.240010,100.235542
0.552000,99.595699,100.148516,100.039190,99.533274,100.168515,99.388621
0.553000,99.871033,99.509024,100.012003,100.313841,99.349857,100.073445
0.554000,100.784548,99.737745,99.883534,100.017024,99.661775,99.774024
0.555000,99.669976,99.614181,100.200244,100.135532,100.357381,99.734488
0.556000,100.670942,99.322579,99.712340,99.943284,100.326736,100.203655
0.557000,100.045285,99.815311,99.975590,99.861018,99.681962,99.782583
0.558000,99.706946,99.326153,100.278917,99.798268,100.275037,100.815033
0.559000,99.743584,100.102171,99.708530,99.994795,100.153740,100.448395
0.560000,99.848471,99.975597,99.925907,100.033489,100.402650,100.170064
0.561000,100.067819,100.235675,99.715455,99.582254,100.172675,100.011357
0.562000,100.149919,100.319349,99.841265,99.844596,99.869646,100.111898
0.563000,99.970340,99.743365,100.381769,100.289654,100.164677,100.379707
0.564000,100.131588,99.971962,99.820854,99.778048,100.190732,99.992432
0.565000,100.064961,100.275877,100.351705,100.457857,99.985485,99.513479
0.566000,100.343334,99.364529,99.695887,100.107858,99.892304,99.955988
0.567000,99.751048,99.819484,99.670013,99.731631,100.141247,99.835496
0.568000,100.100665,99.819381,100.144071,100.396127,100.159905,99.602361
0.569000,99.931988,100.125065,99.865114,99.756412,99.982384,99.753303
0.570000,99.892403,99.753753,100.259555,100.287344,99.135597,100.635598
0.571000,100.493786,100.203627,99.868326,100.496995,100.488638,100.401595
0.572000,99.660257,99.507446,100.669392,99.742244,100.193396,99.707342
0.573000,99.688467,99.780474,99.919334,100.042088,100.112716,100.593899
0.574000,100.160993,99.908117,100.090706,100.095236,99.857089,100.313891
0.575000,99.710764,100.690140,99.693348,100.428729,99.747903,99.478231
0.576000,99.639166,100.062696,100.181705,99.657250,99.937374,100.476038
0.577000,99.734118,99.643795,100.228621,99.615521,99.613030,99.865089
0.578000,100.172981,100.516070,100.422638,100.049940,99.828630,99.871943
0.579000,100.279414,99.181629,99.874740,100.147168,99.437075,99.900053
0.580000,100.021015,99.616032,100.548887,100.264388,100.135735,100.039338
0.581000,100.005060,100.049311,99.286344,99.421226,100.103951,100.209516
0.582000,100.079864,99.820118,99.804094,100.255401,99.995541,100.099405
0.583000,99.927244,99.431519,100.229709,100.584049,100.041905,99.593678
0.584000,100.319765,100.773722,99.694743,99.697644,99.847687,100.108590
0.585000,100.090538,100.126755,100.474440,100.201868,100.081431,99.871020
0.586000,99.910272,99.726202,100.160913,99.899911,99.868324,100.275254
0.587000,100.036194,99.883428,100.363993,99.327052,99.963858,99.518921
0.588000,100.562432,100.205795,100.060589,100.071423,100.361842,100.281433
0.589000,99.550261,100.167951,99.834386,100.056851,99.976734,100.077097
0.590000,99.887854,100.353979,100.032812,100.276785,100.031150,100.029216
0.591000,99.760519,99.902812,99.886498,100.011974,100.362316,100.186059
0.592000,99.809151,99.792731,100.359551,100.004407,99.541779,100.213247
0.593000,99.613928,99.542556,99.745155,100.091891,100.060398,100.174982
0.594000,99.581772,100.011564,100.050178,99.655821,100.081175,99.570070
0.595000,99.687459,100.222715,100.474961,99.841704,100.296374,99.921265
0.596000,100.771992,100.236796,99.890162,100.363208,99.623362,100.241034
0.597000,99.688669,99.871708,99.902467,100.161467,100.081992,99.564630
0.598000,100.285706,100.253438,100.042177,100.648315,99.500510,99.597767
0.599000,99.469092,100.069529,100.008080,99.746192,100.212128,100.414331
0.600000,99.776858,100.563826,99.699014,99.660658,99.340986,100.003618
0.601000,99.769173,100.380916,99.421848,99.444457,100.370347,99.760055
0.602000,99.859228,99.585758,100.329508,100.128975,100.088740,100.032814
0.603000,99.881092,99.847007,100.442423,100.018667,99.659502,100.056569
0.604000,99.896419,100.683683,99.463673,100.905864,100.264780,99.663333
0.605000,99.737696,100.188327,100.171044,100.631589,100.329480,99.967808
0.606000,100.322868,100.328055,99.816368,100.281404,100.062925,99.875397
0.607000,99.713868,100.326980,100.084026,99.994684,99.451943,100.108031
0.608000,99.760765,99.798830,100.301457,99.574646,99.792899,100.351398
0.609000,100.236264,100.037538,100.368901,99.803407,100.087217,100.244293
0.610000,99.755657,99.164166,100.152904,100.142124,99.768018,99.734879
0.611000,100.267649,100.277156,100.235645,99.730969,100.091719,99.678465
0.612000,100.139144,99.836500,100.043181,99.960057,99.818577,100.604945
0.613000,100.748959,100.019056,99.860112,100.391803,100.213455,100.126950
0.614000,100.101527,99.877163,99.959133,99.888716,99.793564,100.311060
0.615000,100.323257,99.679878,99.797820,99.517744,100.750112,100.073983
0.616000,99.955130,100.410289,100.318901,100.164028,99.885102,100.290073
0.617000,100.145053,100.269713,100.135048,99.419095,100.307307,100.241374
0.618000,99.787867,100.315717,99.228961,99.787559,99.882905,100.250872
0.619000,99.784323,100.312270,99.892287,100.080450,99.955588,99.543288
0.620000,99.894408,99.961591,99.806197,99.639551,99.838857,99.987296
0.621000,99.668307,99.807902,100.176921,99.881676,99.434199,99.774966
0.622000,100.265566,100.209555,100.247216,100.063003,99.747148,99.632406
0.623000,99.751419,99.899526,100.192126,100.075549,99.755983,100.676053
0.624000,100.074416,100.160147,100.175442,99.623083,100.103394,100.118405
0.625000,99.854559,99.635278,99.794926,100.083424,99.766775,99.829482
0.626000,100.087143,99.787354,100.344256,99.377065,100.546364,99.870834
0.627000,100.164795,99.675880,99.774454,100.404269,100.501955,100.187604
0.628000,100.247642,100.199051,100.212294,100.364093,100.309212,99.963903
0.629000,100.234404,100.447702,100.457750,100.547161,100.300323,99.786994
0.630000,99.877598,99.761002,100.402388,99.940880,100.529833,100.353340
0.631000,100.298109,100.038061,99.549682,100.058935,99.464787,99.576517
0.632000,100.065942,99.732099,99.698119,100.915683,100.193428,99.996510
0.633000,100.030210,99.849418,99.816626,99.950507,99.603511,99.951243
0.634000,100.058058,99.812189,100.208589,99.902251,99.940723,99.997172
0.635000,99.982238,99.713400,99.987904,99.896789,100.225968,99.932021
0.636000,99.519310,100.416394,99.852369,99.787748,99.432587,99.859152
0.637000,99.576422,99.554673,100.242286,100.086379,100.129264,100.055029
0.638000,100.505321,100.014397,100.084234,99.788893,100.175212,100.140881
0.639000,99.396699,100.111146,99.763683,99.726830,100.072314,100.023307
0.640000,99.958694,99.485257,99.972321,99.870675,99.986924,99.865772
0.641000,100.302894,100.188560,99.702309,100.045781,99.903825,99.315861
0.642000,99.908265,99.569194,99.627823,99.753464,99.790943,99.612153
0.643000,100.143013,100.120246,99.824607,99.790774,99.687498,100.143241
0.644000,99.975842,99.988625,99.936897,100.016629,99.616956,99.739537
0.645000,100.214333,100.025633,100.069506,100.229469,99.771264,100.634391
0.646000,100.256236,99.669161,99.821827,100.138676,100.231668,100.437481
0.647000,100.367639,99.741700,100.036451,100.246568,100.283224,99.720458
0.648000,100.219719,100.087948,100.304743,100.692570,99.847616,100.428448
0.649000,100.245980,100.051203,99.924476,100.315092,99.876528,100.158262
0.650000,99.309034,100.022683,100.035704,100.079298,100.004979,99.903564
0.651000,99.681412,100.115566,99.783157,99.926793,99.889716,99.777392
0.652000,99.598091,99.631431,99.588204,100.205041,99.861925,99.952023
0.653000,99.966768,99.907729,100.045057,100.137806,100.321380,100.191560
0.654000,99.580763,99.329068,99.580438,99.966308,99.959854,99.937350
0.655000,99.284632,99.680946,99.605909,100.335994,100.095017,99.698524
0.656000,99.761433,99.872190,100.143138,99.711855,99.393370,99.900492
0.657000,99.498811,100.293441,99.709916,100.250310,99.723321,99.501597
0.658000,100.169472,99.652270,99.834672,100.217428,100.146623,100.281064
0.659000,100.043551,100.169982,100.218839,99.836852,99.947730,99.995619
0.660000,100.011993,99.952900,100.055757,99.580122,99.777601,99.772153
0.661000,99.986725,99.815496,99.468647,99.548072,99.892235,100.097672
0.662000,99.499267,100.206315,100.067211,100.403576,100.168697,99.878971
0.663000,100.016911,99.933258,99.734440,99.910980,100.306393,100.049959
0.664000,99.980552,99.874576,99.359319,100.086716,99.775332,100.086050
0.665000,100.108883,100.050223,100.483639,100.443463,100.088518,99.720518
0.666000,100.175562,100.232516,99.997354,100.014925,100.023391,100.222702
0.667000,99.834080,99.368804,99.292754,100.326974,99.388301,99.970215
0.668000,100.470114,99.490600,99.550970,100.410693,100.095105,100.006319
0.669000,100.219176,99.807804,100.470629,100.513969,100.104686,99.857460
0.670000,99.734659,99.664474,99.728353,99.847431,100.243363,99.936761
0.671000,99.412241,100.069163,99.926665,99.971050,100.132966,99.944674
0.672000,99.823737,100.098800,99.654359,100.182165,99.734060,100.373806
0.673000,99.915718,100.641612,100.133265,100.581989,99.592055,99.920815
0.674000,100.108070,100.068030,100.131685,99.567234,100.423087,100.393476
0.675000,100.240764,100.060575,100.189232,100.074389,100.168466,100.154284
0.676000,99.950471,99.713740,99.665528,100.239020,99.929873,100.355395
0.677000,100.333515,99.955706,100.002417,99.628763,100.259514,100.223733
0.678000,99.679538,99.987634,99.977324,99.985123,100.186491,99.853903
0.679000,100.101225,99.873167,100.171475,100.158752,99.865015,99.984997
0.680000,99.868155,100.193072,100.212154,99.978182,99.838312,99.766938
0.681000,99.545972,100.558348,99.699051,99.566807,100.346297,100.380054
0.682000,100.208927,100.269891,100.006424,99.913573,100.323193,99.886718
0.683000,100.321954,99.995700,99.961966,99.695463,99.848283,99.743491
0.684000,99.872421,99.980988,99.972486,100.026701,99.736393,99.869655
0.685000,99.801150,99.869063,100.242913,100.099509,99.966315,99.792820
0.686000,100.256939,100.188764,100.076288,100.281073,100.115879,100.007326
0.687000,100.042610,99.726144,100.141746,100.070272,100.023119,99.796482
0.688000,99.622795,100.101589,100.207820,100.222846,100.041354,99.787763
0.689000,100.086698,100.242951,99.205036,100.214097,100.201523,99.821792
0.690000,99.747576,99.615787,100.049195,99.665276,99.879378,99.940557
0.691000,99.987768,99.991741,100.270639,100.108879,100.370694,99.732654
0.692000,99.999697,99.895899,100.125763,100.058973,100.237970,99.949693
0.693000,99.989246,99.974816,100.060344,100.026939,99.765264,99.815942
0.694000,100.132221,99.655083,99.916844,99.726424,100.042594,100.125882
0.695000,100.078894,100.112648,99.772188,100.301554,100.203730,100.061965
0.696000,100.021381,99.514831,100.012090,99.893403,100.217033,100.406148
0.697000,100.055673,100.324848,99.686138,99.839785,99.775726,100.140853
0.698000,100.149694,100.157716,99.668942,100.760841,100.153728,99.788901
0.699000,99.835527,100.123855,100.283294,100.294372,100.120027,100.078735
0.700000,99.773005,100.291877,99.774620,99.747305,99.790413,100.092082
0.701000,100.202294,99.585999,100.240562,100.246389,99.699451,99.387812
0.702000,100.083621,99.789863,100.363700,99.822567,100.291683,99.853188
0.703000,99.830950,99.875005,99.406211,100.225203,99.872603,100.059567
0.704000,100.044810,99.849498,100.278615,99.992749,99.951334,100.212451
0.705000,100.100618,100.156636,100.190451,99.995494,100.372200,99.755082
0.706000,99.982832,99.873215,99.844727,100.354299,99.960296,99.675728
0.707000,99.416897,100.397704,99.794561,99.688420,100.369162,99.958576
0.708000,99.782106,99.761225,99.883547,100.061469,100.552154,100.069751
0.709000,100.187590,99.827966,99.703899,99.862938,100.411274,100.077295
0.710000,99.653903,99.852453,99.876178,100.020746,99.882624,100.046643
0.711000,99.951650,99.913845,99.723535,100.087463,99.991666,99.965597
0.712000,99.705122,100.283809,100.105060,100.060066,100.095862,100.373348
0.713000,100.211961,99.679399,100.137053,100.101010,99.638730,99.721367
0.714000,100.226483,99.918211,100.224867,99.714832,99.871247,99.819464
0.715000,99.830983,99.731666,100.163363,100.177065,99.915690,100.277774
0.716000,99.906754,100.140608,99.904071,100.543681,100.343015,99.955108
0.717000,100.008399,100.058948,99.868860,99.936517,99.581027,100.325074
0.718000,100.129812,99.855965,100.234960,99.864033,99.725918,99.910952
0.719000,100.040951,99.915008,100.469967,100.105450,99.998240,100.023892
0.720000,99.912075,99.913712,100.026524,100.504471,99.441977,99.812742
0.721000,100.503075,100.293065,99.736719,100.056888,99.901763,99.976355
0.722000,100.127417,100.228352,99.799213,100.034468,99.646701,99.980181
0.723000,100.130092,99.781549,100.187284,100.039423,100.179031,99.863671
0.724000,100.217636,99.668361,99.695097,99.400239,99.734542,100.040568
0.725000,100.275668,100.188025,99.714203,100.156524,100.335623,99.718677
0.726000,100.016178,99.925875,99.908024,100.056719,100.246742,100.246346
0.727000,99.608753,99.974885,100.096809,100.604484,99.886762,100.049411
0.728000,100.260375,100.326425,100.268994,100.372783,100.368142,100.142164
0.729000,99.512678,100.149256,100.349538,99.960915,100.015490,100.015667
0.730000,100.023420,99.676916,99.905825,99.836626,100.265836,99.881124
0.731000,99.752736,100.145532,99.878260,99.900012,99.870073,99.448664
0.732000,100.290215,100.031755,99.846333,100.323755,99.990085,99.847213
0.733000,99.355998,99.946430,99.856846,100.278539,99.948600,100.282830
0.734000,99.592069,100.076276,100.332420,99.845948,100.439964,99.978102
0.735000,100.047656,99.880723,100.052449,99.648205,99.840513,99.990214
0.736000,99.689668,100.263983,100.421181,100.008200,99.909358,100.049131
0.737000,99.859155,99.939110,99.806088,100.121393,99.997901,100.034613
0.738000,99.571758,99.985297,99.918078,99.818143,99.786312,99.913085
0.739000,99.889414,100.324015,100.122452,99.885895,99.761120,99.994241
0.740000,100.009607,100.004761,99.723056,100.366095,99.932788,99.806856
0.741000,99.809689,99.862982,99.698704,99.849301,99.898749,99.712137
0.742000,100.101619,99.938330,99.849471,99.810342,99.741602,100.062634
0.743000,100.266962,100.036828,100.120723,99.873943,99.701383,99.948363
0.744000,99.772956,99.728404,100.066829,100.029210,99.844017,100.112920
0.745000,99.947542,99.760220,99.971334,100.175609,100.350896,100.103699
0.746000,100.477374,99.932476,100.202327,100.244583,100.257651,99.785173
0.747000,100.072662,99.897021,100.010636,99.676809,99.798488,100.069596
0.748000,100.086893,100.137124,100.128575,99.700759,99.540325,99.771194
0.749000,100.070849,99.989704,100.001513,99.681158,100.092303,100.335190
0.750000,100.005391,99.882365,100.092856,99.980616,99.963390,99.990352
0.751000,100.206350,99.921689,100.008126,99.987528,99.948231,100.224081
0.752000,100.169392,99.973068,100.085545,99.938003,100.109223,99.726874
0.753000,99.930354,99.991680,99.610754,99.895774,99.821263,99.888492
0.754000,100.021005,99.749418,99.851484,100.045099,100.053743,99.766018
0.755000,100.287815,99.744302,100.232861,100.240970,99.872653,100.366897
0.756000,100.258446,99.846927,99.594350,100.093330,99.804582,100.380401
0.757000,100.153008,100.149082,99.989711,99.913778,100.104593,99.834553
0.758000,100.061311,100.281985,100.016373,99.975778,99.877448,100.109465
0.759000,99.965529,100.290050,99.700158,100.361928,99.957432,99.637707
0.760000,99.716031,99.941727,100.317510,100.278847,99.974053,99.868725
0.761000,99.811117,99.942236,100.101160,99.924168,100.065038,99.793931
0.762000,100.032693,100.140543,100.062371,99.869423,100.039778,99.849547
0.763000,100.086221,100.465492,99.867384,100.175331,99.792480,99.699022
0.764000,100.076196,100.110688,99.979815,100.002379,99.841596,100.151124
0.765000,99.883941,100.164392,100.139571,100.034614,100.032638,100.298069
0.766000,100.039226,99.689067,99.447325,100.420816,100.293821,99.970012
0.767000,100.078763,99.870275,99.940931,100.323972,100.118816,99.932651
0.768000,100.247601,99.530058,100.187772,99.732789,100.228320,99.617231
0.769000,100.146741,99.706037,99.933631,99.913529,99.772909,99.962697
0.770000,100.074641,100.042325,99.860098,100.040915,99.500736,100.213344
0.771000,99.699835,100.025070,100.215833,99.901205,99.693986,99.933047
0.772000,99.841847,100.159395,100.257798,100.014263,100.080229,99.951458
0.773000,99.995119,100.111905,100.549136,100.195758,100.105075,100.191316
0.774000,99.745621,99.859853,99.849324,99.952912,100.113338,99.822745
0.775000,99.855911,100.063667,99.881144,100.127179,99.902606,100.068450
0.776000,100.157619,100.145289,100.191850,99.704516,99.426597,99.736670
0.777000,99.926938,99.963968,99.982111,99.596860,100.105514,99.795977
0.778000,100.052714,100.048978,100.045400,100.335182,100.363111,99.806676
0.779000,99.990244,100.117165,100.060795,99.901253,99.956223,100.371234
0.780000,100.026407,99.997957,100.133655,100.456243,100.219575,99.945665
0.781000,100.164280,100.116333,99.691334,100.142374,100.317189,100.081361
0.782000,99.700239,100.249762,99.603510,100.071879,100.013120,99.622359
0.783000,99.925310,100.256160,100.240358,100.189999,100.406110,99.965849
0.784000,99.819422,100.028927,100.163629,100.062361,99.956990,100.001178
0.785000,100.158926,99.978078,99.821011,100.048729,100.076484,99.975757
0.786000,99.967062,100.078109,100.028626,99.783342,100.208818,100.189825
0.787000,100.119978,99.796360,99.677649,100.288297,100.023628,99.956801
0.788000,99.676884,99.770263,100.083340,100.177248,99.907365,100.110189
0.789000,100.155832,99.972481,99.923315,99.650760,99.992663,99.724907
0.790000,100.093986,100.208257,99.750709,100.286811,99.872005,100.168924
0.791000,100.011720,99.931616,100.318258,100.071787,100.216431,100.077480
0.792000,100.079443,100.025548,99.796654,100.077761,100.029834,99.770401
0.793000,100.390100,99.666007,100.025677,100.050882,100.425058,99.875853
0.794000,99.840969,99.914590,100.144358,99.963128,99.900131,99.932071
0.795000,99.967280,99.718693,100.006686,100.053663,99.644806,99.876629
0.796000,99.972264,99.759490,100.234925,100.029806,100.202191,99.751782
0.797000,100.105422,99.782712,99.677026,99.807933,100.222383,100.018257
0.798000,99.911786,100.166688,100.022036,100.264454,100.145305,100.133039
0.799000,100.041440,100.341469,99.935580,100.222947,100.072926,99.970819
0.800000,100.259591,99.696985,100.038137,100.238435,100.104499,99.790913
0.801000,100.038641,99.984600,100.066966,99.973681,99.674248,99.848776
0.802000,99.815630,100.144124,100.062490,99.819736,100.120115,100.176599
0.803000,99.967903,100.049802,99.865890,99.894570,99.882904,100.426174
0.804000,99.743914,99.823743,99.998511,99.853715,100.046688,100.028287
0.805000,100.173453,99.797610,99.890260,99.996009,99.918584,100.061018
0.806000,99.967466,100.031164,100.327200,99.866055,100.022384,100.114871
0.807000,100.114190,99.967325,99.906668,100.242648,100.188078,100.109569
0.808000,100.313595,100.087960,100.143221,100.196371,99.944642,99.660659
0.809000,99.932605,99.799175,99.818483,100.053443,99.871573,99.958644
0.810000,99.821318,100.037898,100.111344,99.979935,99.966392,100.091625
0.811000,100.086780,100.184478,99.948452,100.063081,99.922126,99.909513
0.812000,100.312103,100.333609,100.290443,100.189315,99.953559,100.202598
0.813000,99.994783,99.772344,100.225888,99.676831,100.188464,100.465286
0.814000,100.021902,99.893061,100.102269,100.147413,99.975623,100.079371
0.815000,100.009472,100.052418,99.859707,99.964602,99.761464,99.745393
0.816000,99.764544,99.935936,99.929847,99.808346,99.910212,100.163367
0.817000,99.821842,100.013523,99.926273,100.099653,99.883703,99.929642
0.818000,99.929542,99.957792,100.031531,100.092038,99.816782,100.059218
0.819000,99.995052,100.160348,100.021034,99.940605,99.960410,99.919365
0.820000,100.125441,99.791472,100.044349,100.036276,99.965307,99.855437
0.821000,100.179685,100.075444,99.981840,100.017894,100.417502,99.857636
0.822000,99.997376,99.837597,99.956323,99.866615,100.000554,99.949554
0.823000,100.113807,99.986719,100.218195,100.038320,99.967906,100.012483
0.824000,99.950762,100.009401,100.133318,100.121541,99.991337,99.914337
0.825000,100.081038,99.833428,99.765533,99.914399,100.255108,100.235510
0.826000,100.246564,100.274740,99.989238,100.268059,100.034995,100.002036
0.827000,99.956966,100.237933,100.154175,100.170028,99.936239,99.931541
0.828000,100.072775,100.224313,100.088940,99.661371,100.159428,99.765912
0.829000,99.878483,100.144057,100.010225,100.274406,100.159230,100.127158
0.830000,100.019098,99.924566,100.346965,100.065185,100.230828,99.897032
0.831000,99.959281,99.741741,100.028821,99.919631,99.643065,99.968187
0.832000,99.793499,100.000696,100.110762,99.738449,99.900752,99.976606
0.833000,100.055339,99.936081,99.989531,100.166471,99.825264,99.889203
0.834000,99.971708,100.091699,99.811451,99.892598,100.014363,99.943080
0.835000,100.183512,99.819188,99.835134,100.331683,100.199987,99.913569
0.836000,100.074472,100.353499,100.113981,100.013406,99.980051,99.887835
0.837000,100.130240,99.946193,99.871367,100.050579,99.918805,99.973415
0.838000,100.235780,99.821895,100.144651,99.965532,99.989106,99.962987
0.839000,100.244872,100.155466,99.812175,99.969956,100.119973,99.649722
0.840000,99.987373,99.971186,99.834186,100.114038,100.006168,100.113862
0.841000,100.174344,99.867788,99.967469,99.991304,99.838522,100.127525
0.842000,100.018264,100.219907,100.052804,100.260350,99.837058,100.033997
0.843000,99.921836,100.084992,100.148353,100.110242,99.664312,99.812894
0.844000,99.861067,99.899581,100.087470,100.019662,99.912518,100.008390
0.845000,99.868435,99.850172,99.892821,100.083520,99.881511,100.076788
0.846000,99.698195,100.025923,99.984999,99.994942,100.122934,99.788654
0.847000,99.835906,100.119242,99.854471,100.270435,99.807166,99.651918
0.848000,100.062948,99.923721,100.150054,100.066037,100.066394,99.911050
0.849000,99.841323,99.952499,99.768113,100.246939,100.014206,100.178281
0.850000,100.126270,99.920183,100.189550,99.961470,99.883726,100.114462
0.851000,99.813976,100.234880,100.104145,100.133774,99.986740,100.047126
0.852000,99.904485,99.961501,100.020892,99.960050,100.137792,99.961338
0.853000,99.822311,100.178043,100.025492,100.013723,100.005317,99.905477
0.854000,100.164099,99.982441,99.812600,99.731036,100.223840,99.882785
0.855000,100.179060,99.976842,100.143049,100.113920,100.051045,100.022291
0.856000,99.981969,99.887610,99.988452,99.992652,99.878162,99.947873
0.857000,100.068815,99.783318,99.903797,100.115754,100.000755,99.731161
0.858000,100.138481,100.083093,99.847632,100.049970,100.039886,99.794219
0.859000,100.015586,99.906832,100.006386,100.116277,99.990181,99.954784
0.860000,99.923436,100.091809,100.001576,100.100952,100.062706,100.118509
0.861000,99.971041,100.204719,100.022870,100.016391,100.023060,100.166250
0.862000,100.098077,99.895319,99.976229,100.187563,100.038212,99.986915
0.863000,100.094033,99.800659,100.001868,100.383378,99.998206,100.256368
0.864000,99.877706,99.837621,100.116011,100.073657,99.897651,100.021781
0.865000,100.272961,100.034285,99.833408,99.864491,100.037449,100.021886
0.866000,100.039520,100.032121,99.974940,100.050304,99.782102,99.875975
0.867000,100.039077,99.960533,99.959422,99.859234,100.106983,99.948328
0.868000,100.172269,100.114192,99.982633,99.823422,100.044358,100.005607
0.869000,99.991959,100.136099,99.785508,100.145303,99.897769,100.146439
0.870000,99.965537,100.269042,100.139227,100.061583,99.955085,99.995596
0.871000,99.965606,100.054663,99.689742,100.191010,100.110718,99.872141
0.872000,100.152210,99.960302,99.688684,100.041912,100.071125,99.898974
0.873000,100.087388,99.976459,99.879134,100.096308,99.952140,100.072543
0.874000,99.993431,99.988945,100.083380,100.104893,100.102061,99.764410
0.875000,99.780980,99.889132,99.939936,99.757853,99.814554,100.229535
0.876000,99.987376,100.032314,100.156267,100.172367,99.863710,100.062122
0.877000,99.871782,100.064763,100.134141,99.664909,100.105116,99.958483
0.878000,99.865672,99.869426,100.100558,99.939103,100.000834,100.039632
0.879000,99.872434,99.986168,99.853421,100.046156,99.909410,99.862946
0.880000,100.068404,100.077077,99.965559,99.854117,100.131292,100.108981
0.881000,99.952583,100.156887,99.898597,100.065260,100.086774,99.779939
0.882000,100.021994,100.100570,100.108509,99.877268,99.914287,100.032704
0.883000,99.833721,100.021463,100.108412,100.035560,100.083643,100.072859
0.884000,100.000708,100.038579,100.094038,100.075910,100.081832,100.174957
0.885000,99.887082,99.963784,100.057386,99.867336,99.997333,99.843125
0.886000,100.103236,100.009741,100.018385,99.747534,99.910953,99.912550
0.887000,99.854190,99.930464,99.952758,99.932870,99.781080,99.979185
0.888000,99.866503,100.024528,100.018782,100.001442,99.977230,99.931062
0.889000,100.056547,99.916705,99.976397,99.983403,99.945199,99.963296
0.890000,99.992839,100.065484,99.796258,100.082143,99.825787,99.865969
0.891000,100.203290,99.977638,99.732612,100.137282,100.119012,100.108271
0.892000,100.025002,99.950605,100.097590,99.941545,99.948576,99.971402
0.893000,100.107628,100.087622,100.011239,99.963930,100.037046,100.153148
0.894000,99.970731,99.966840,99.998685,100.018044,100.082783,100.097457
0.895000,99.877883,99.993816,100.025936,99.956343,99.890902,99.903505
0.896000,99.878407,99.949326,100.285424,99.808644,99.973091,100.037131
0.897000,100.084275,100.092697,100.012502,100.161541,99.964053,99.797594
0.898000,100.051543,99.992297,99.906525,99.873445,100.144708,99.976796
0.899000,100.191134,99.780299,100.099031,99.839201,100.043558,99.907443
0.900000,99.895511,99.929363,100.084360,100.074745,99.966168,100.056547
0.901000,99.995524,99.959659,99.942122,99.988399,99.968065,100.038902
0.902000,100.074673,100.040725,99.968657,99.964929,99.998199,99.989953
0.903000,100.003567,100.011148,100.096084,100.006367,99.920609,100.033733
0.904000,99.934902,100.075508,100.027373,100.072787,99.982420,100.179142
0.905000,100.022941,99.971777,99.962524,99.973965,99.933930,99.882177
0.906000,100.038091,99.979782,100.060363,100.001349,99.992192,99.992022
0.907000,99.950673,100.084101,99.990130,100.050279,100.070636,99.978619
0.908000,99.961005,99.914375,99.958292,99.851407,99.894656,99.879632
0.909000,100.118677,100.068346,99.949477,100.081279,100.080299,99.983330
0.910000,100.064534,100.005269,99.872291,99.945385,99.961363,100.013624
0.911000,99.922828,99.903817,99.871692,100.084508,100.037927,100.162832
0.912000,100.165293,99.856837,99.939320,99.973723,100.010952,99.989286
0.913000,100.034294,100.106138,99.986609,99.933748,99.969095,99.903244
0.914000,99.974768,99.940265,100.041837,99.934195,100.190307,99.930357
0.915000,99.963187,100.032438,100.109334,100.148472,99.954149,100.045547
0.916000,100.027378,99.935843,100.045952,99.968448,99.971140,99.944094
0.917000,100.107043,100.044284,100.052023,99.998202,100.040867,100.025598
0.918000,99.841168,99.964117,100.071938,99.934764,100.110756,100.159197
0.919000,99.995956,100.106945,99.850845,100.096711,99.986980,100.024047
0.920000,100.004480,99.969090,100.057886,100.073189,99.964877,100.024198
0.921000,100.032595,100.089574,99.886315,100.005186,99.954517,99.973354
0.922000,99.996955,100.012848,99.919761,100.058896,100.091778,99.919811
0.923000,99.890548,100.100962,99.944700,99.952224,99.909298,99.935164
0.924000,100.082362,99.944905,99.850255,100.104697,99.909798,99.996462
0.925000,100.006236,99.963788,99.975128,99.915245,99.899396,99.985168
0.926000,99.917187,100.029288,99.998326,100.021877,99.979841,99.788155
0.927000,100.018971,99.982464,100.022109,99.978673,100.052435,99.982294
0.928000,99.977008,100.038486,100.021621,99.980086,99.898777,100.039557
0.929000,100.008934,99.862453,99.864208,100.073561,99.793808,100.017259
0.930000,100.092415,99.948812,100.041232,100.073891,100.022023,99.995983
0.931000,99.969307,99.949374,100.026617,99.971838,100.000372,100.039948
0.932000,99.912153,100.025622,99.994878,100.041473,99.884553,99.898369
0.933000,99.995381,99.998016,99.903198,100.095795,99.939248,99.955184
0.934000,100.084282,100.051392,99.862560,99.945457,100.184940,99.984172
0.935000,99.954486,99.955313,99.994588,99.912892,99.975829,100.109582
0.936000,99.897248,99.987139,99.989269,100.069424,100.004917,100.160017
0.937000,99.958530,99.937665,100.024106,99.956771,100.033380,100.035167
0.938000,100.045619,99.920913,100.074963,100.026456,100.016491,100.091936
0.939000,100.040924,99.974902,99.920011,100.008016,99.921545,100.041578
0.940000,99.978606,99.986527,99.977889,99.950928,100.028880,100.027925
0.941000,100.005807,99.879652,100.000065,99.915149,100.000931,100.061028
0.942000,100.050947,100.001129,100.048164,100.028968,100.009221,99.989093
0.943000,100.064683,100.096746,99.968113,100.023191,100.006986,99.971013
0.944000,100.045398,99.947533,99.867261,99.984221,99.925921,100.025590
0.945000,100.065487,99.973010,100.050528,100.013247,100.013851,99.945993
0.946000,100.030156,100.051700,100.020685,100.035878,99.996065,99.956547
0.947000,100.049498,99.974483,100.038370,100.003696,99.921776,100.005007
0.948000,100.029267,99.943597,100.008779,99.972743,100.007741,100.076964
0.949000,100.071380,99.962522,100.118649,100.060509,99.989957,100.020073
0.950000,100.024226,99.960048,100.014163,100.055501,100.007136,99.924045
0.951000,100.009845,99.918923,100.002581,99.952609,100.092533,99.996446
0.952000,99.937437,100.040365,100.021849,100.047116,100.033954,100.010181
0.953000,99.989033,99.961961,99.981425,100.039785,99.960371,100.013369
0.954000,99.973116,99.863756,99.981717,100.045104,99.996267,99.939143
0.955000,100.006771,99.932942,100.048298,99.968071,99.974056,99.970012
0.956000,99.998666,100.040943,100.038063,99.990149,99.944634,99.992507
0.957000,99.998117,100.002224,100.088152,100.005487,100.001183,99.983245
0.958000,99.965006,99.941255,100.017992,99.991422,100.057496,100.073313
0.959000,100.062664,100.023849,100.060910,100.003045,99.942849,99.922360
0.960000,99.934937,99.962672,100.050225,99.981463,99.974669,99.972509
0.961000,100.016327,100.008779,99.973632,100.029468,100.013310,100.094126
0.962000,100.051432,99.971708,99.976464,99.981801,99.946063,99.951269
0.963000,99.996645,100.006604,99.957431,99.986826,100.070724,100.016165
0.964000,100.018792,99.955569,100.041748,100.017162,99.968224,100.014779
0.965000,100.017017,100.065258,100.072810,99.928154,100.033477,99.936320
0.966000,99.989530,99.951571,99.992950,99.996677,99.982640,99.942219
0.967000,100.011415,99.961009,99.955017,99.969176,100.053098,100.006054
0.968000,99.985900,99.996864,100.013897,100.040186,99.996905,100.056543
0.969000,99.997091,99.974854,99.999798,100.020140,100.013857,100.003894
0.970000,100.045644,99.963247,100.019882,99.997540,100.021436,100.005128
0.971000,100.001321,99.996425,100.011115,100.054714,99.954089,99.993852
0.972000,99.988339,99.986385,100.002572,99.998930,99.944190,99.968215
0.973000,99.988094,100.007206,100.021377,99.953380,100.010532,99.991567
0.974000,99.979843,100.032410,99.978397,100.006693,99.976058,100.010408
0.975000,100.015011,100.019838,99.992338,99.996531,99.988422,100.025710
0.976000,100.054253,99.987187,100.038970,99.930811,99.987637,100.005811
0.977000,99.978491,100.028759,100.037620,99.998734,99.993103,100.037551
0.978000,99.977131,99.986698,99.966454,100.009149,99.996472,100.009585
0.979000,100.006095,99.998647,99.983387,99.999116,99.979764,100.002540
0.980000,100.011157,100.005890,99.994406,99.984919,99.982609,100.045729
0.981000,99.988703,99.981760,100.007496,100.025776,100.023940,99.990597
0.982000,99.998489,99.996219,99.991019,99.995615,100.017738,99.995032
0.983000,99.997159,99.993968,100.012506,100.003401,100.033320,100.011069
0.984000,99.996686,99.986682,99.961670,100.007097,99.998138,100.033889
0.985000,99.979830,99.982923,100.005624,100.002854,99.975005,99.989486
0.986000,99.985798,100.011084,99.994048,99.987006,100.008407,99.987150
0.987000,99.996633,99.995558,100.005257,99.985164,100.003476,100.010645
0.988000,100.017515,99.986526,100.000500,99.999701,100.000283,100.007178
0.989000,99.991431,100.026520,100.005475,99.973841,99.984111,99.978126
0.990000,100.010681,99.989411,100.004494,100.013284,99.995919,99.989648
0.991000,99.996308,100.011193,99.993075,99.998312,99.999503,99.992467
0.992000,99.982933,100.010286,100.000588,99.999334,99.993953,99.999629
0.993000,100.005984,99.998177,99.992245,100.004854,100.014314,100.001095
0.994000,100.000974,99.998158,99.994911,100.004560,99.996723,100.009521
0.995000,100.002609,99.999240,100.011889,99.990966,99.997914,99.996248
0.996000,100.009436,100.004288,99.998370,100.002231,99.995837,100.000289
0.997000,99.997001,99.996019,100.000141,99.998404,99.999849,100.000373
0.998000,100.000617,100.003394,100.000866,99.999449,100.002990,100.000597
0.999000,99.999528,99.999520,100.000690,99.999630,100.000605,100.001009
1.000000,100.000000,100.000000,100.000000,100.000000,100.000000,100.000000
